candidate_id,rank,score,reasoning
CAND_0010685,1,0.8119,"Strong title: NLP Engineer | Skills: Weights & Biases, Haystack, Deep Learning | @Rephrase.ai | Edu: B.Tech Data Science | Statement shows strong ML intent | Score=0.8119 | (title_role=1.000; skills=0.986; career_quality=0.652; experience=0.818; statement=0.600; behavioral=0.776; location=1.000; education=0.146)"
CAND_0046064,2,0.8040,"Strong title: Senior NLP Engineer | Skills: Deep Learning, Pinecone, BM25 | @Salesforce | Edu: B.Tech Artificial Intelligence | Statement hints at ML interest | Score=0.8040 | (title_role=1.050; skills=0.975; career_quality=0.627; experience=0.824; statement=0.495; behavioral=0.822; location=0.600; education=0.350)"
CAND_0005260,3,0.7932,"Strong title: Senior NLP Engineer | Skills: NLP, Semantic Search, Python | @Netflix | Edu: B.Tech Artificial Intelligence | Statement shows strong ML intent | Score=0.7932 | (title_role=1.050; skills=0.958; career_quality=0.536; experience=0.829; statement=0.555; behavioral=0.658; location=1.000; education=0.340)"
CAND_0016163,4,0.7923,"Strong title: Applied ML Engineer | Skills: LoRA, Time Series, pgvector | @Dream11 | Edu: M.E. Machine Learning | Statement shows strong ML intent | Score=0.7923 | (title_role=1.000; skills=0.977; career_quality=0.595; experience=0.743; statement=0.600; behavioral=0.741; location=1.000; education=0.288)"
CAND_0010257,5,0.7898,"Strong title: Senior Data Scientist | Skills: Recommendation Systems, MLflow, TensorFlow | @Google | Edu: Ph.D Computer Science | Statement shows strong ML intent | Score=0.7898 | (title_role=0.950; skills=0.939; career_quality=0.636; experience=0.778; statement=0.600; behavioral=0.754; location=1.000; education=0.320)"
CAND_0043228,6,0.7886,"Strong title: Applied ML Engineer | Skills: Sentence Transformers, Haystack, ASR | @Zoho | Edu: B.E. Artificial Intelligence | Statement shows strong ML intent | Score=0.7886 | (title_role=1.000; skills=0.973; career_quality=0.574; experience=0.760; statement=0.600; behavioral=0.679; location=1.000; education=0.340)"
CAND_0083879,7,0.7878,"Strong title: Machine Learning Engineer | Skills: Hugging Face Transformers, Prompt Engineering, Fine-tuning LLMs | @Ola | Edu: B.Sc Information Technology | Statement shows strong ML intent | Score=0.7878 | (title_role=1.000; skills=0.934; career_quality=0.643; experience=0.708; statement=0.600; behavioral=0.760; location=1.000; education=0.275)"
CAND_0006418,8,0.7855,"Strong title: Machine Learning Engineer | Skills: Elasticsearch, OpenSearch, Time Series | @Verloop.io | Edu: M.S. Data Science | Statement shows strong ML intent | Score=0.7855 | (title_role=1.000; skills=0.928; career_quality=0.592; experience=0.730; statement=0.600; behavioral=0.798; location=1.000; education=0.350)"
CAND_0064904,9,0.7849,"Strong title: AI Engineer | Skills: Hugging Face Transformers, Embeddings, Forecasting | @LinkedIn | Edu: M.E. Data Science | Statement shows strong ML intent | Score=0.7849 | (title_role=1.000; skills=0.982; career_quality=0.532; experience=0.761; statement=0.600; behavioral=0.749; location=1.000; education=0.307)"
CAND_0015528,10,0.7822,"Strong title: Applied ML Engineer | Skills: Information Retrieval, LoRA, Weights & Biases | @Krutrim | Edu: B.E. Computer Science | Statement shows strong ML intent | Score=0.7822 | (title_role=1.000; skills=1.000; career_quality=0.601; experience=0.760; statement=0.600; behavioral=0.643; location=0.600; education=0.350)"
CAND_0058575,11,0.7758,"Strong title: AI Engineer | Skills: Hugging Face Transformers, Sentence Transformers, Reinforcement Learning | @Krutrim | Edu: M.E. Data Science | Statement shows strong ML intent | Score=0.7758 | (title_role=1.000; skills=0.957; career_quality=0.486; experience=0.831; statement=0.600; behavioral=0.711; location=1.000; education=0.253)"
CAND_0092255,12,0.7749,"Strong title: ML Engineer | Skills: Machine Learning, Vector Search, RAG | @InMobi | Edu: B.E. Artificial Intelligence | Statement shows strong ML intent | Score=0.7749 | (title_role=1.000; skills=0.877; career_quality=0.571; experience=0.812; statement=0.550; behavioral=0.747; location=1.000; education=0.344)"
CAND_0027691,13,0.7656,"Strong title: NLP Engineer | Skills: Recommendation Systems, QLoRA, scikit-learn | @Haptik | Edu: M.E. Data Science | Statement shows strong ML intent | Score=0.7656 | (title_role=1.000; skills=0.854; career_quality=0.588; experience=0.759; statement=0.550; behavioral=0.812; location=1.000; education=0.271)"
CAND_0076831,14,0.7614,"Strong title: Search Engineer | Skills: Milvus, BM25, NLP | @Krutrim | Edu: Ph.D Data Science | Statement shows strong ML intent | Score=0.7614 | (title_role=0.950; skills=0.925; career_quality=0.568; experience=0.707; statement=0.600; behavioral=0.712; location=1.000; education=0.350)"
CAND_0055905,15,0.7612,"Strong title: Senior Machine Learning Engineer | Skills: OpenSearch, Fine-tuning LLMs, ASR | @Flipkart | Edu: M.S. Data Science | Statement hints at ML interest | Score=0.7612 | (title_role=1.000; skills=0.896; career_quality=0.606; experience=0.823; statement=0.495; behavioral=0.837; location=0.300; education=0.350)"
CAND_0007411,16,0.7578,"Strong title: Senior Machine Learning Engineer | Skills: Information Retrieval, Vector Search, Prompt Engineering | @Amazon | Edu: B.Tech Information Technology | Statement hints at ML interest | Score=0.7578 | (title_role=1.000; skills=0.975; career_quality=0.553; experience=0.796; statement=0.445; behavioral=0.516; location=0.800; education=0.294)"
CAND_0096142,17,0.7578,"Strong title: Applied ML Engineer | Skills: Weights & Biases, BentoML, RAG | @upGrad | Edu: M.Tech Machine Learning | Statement shows strong ML intent | Score=0.7578 | (title_role=1.000; skills=0.947; career_quality=0.435; experience=0.762; statement=0.550; behavioral=0.777; location=1.000; education=0.350)"
CAND_0007412,18,0.7576,"Strong title: Applied ML Engineer | Skills: Milvus, scikit-learn, BM25 | @Zoho | Edu: M.S. Artificial Intelligence | Statement shows strong ML intent | Score=0.7576 | (title_role=1.000; skills=0.871; career_quality=0.498; experience=0.777; statement=0.600; behavioral=0.739; location=1.000; education=0.350)"
CAND_0046353,19,0.7572,"Strong title: ML Engineer | Skills: PyTorch, FAISS, NLP | @Razorpay | Edu: M.Sc Artificial Intelligence | Statement shows strong ML intent | Score=0.7572 | (title_role=1.000; skills=0.902; career_quality=0.579; experience=0.674; statement=0.550; behavioral=0.674; location=1.000; education=0.350)"
CAND_0030953,20,0.7567,"Strong title: Search Engineer | Skills: Learning to Rank, RAG, LangChain | @Nykaa | Edu: M.Sc Data Science | Statement shows strong ML intent | Score=0.7567 | (title_role=0.950; skills=0.944; career_quality=0.460; experience=0.848; statement=0.600; behavioral=0.574; location=1.000; education=0.350)"
CAND_0019480,21,0.7495,"Strong title: NLP Engineer | Skills: TensorFlow, LLMs, Milvus | @Meesho | Edu: B.Tech Machine Learning | Statement shows strong ML intent | Score=0.7495 | (title_role=1.000; skills=0.890; career_quality=0.519; experience=0.656; statement=0.600; behavioral=0.856; location=1.000; education=0.244)"
CAND_0031593,22,0.7486,"Strong title: Search Engineer | Skills: OpenCV, Hugging Face Transformers, Elasticsearch | @Genpact AI | Edu: Ph.D Information Technology | Statement hints at ML interest | Score=0.7486 | (title_role=0.950; skills=1.000; career_quality=0.405; experience=0.813; statement=0.440; behavioral=0.743; location=1.000; education=0.320)"
CAND_0064326,23,0.7486,"Strong title: Search Engineer | Skills: Deep Learning, RAG, Weaviate | @Sarvam AI | Edu: B.Tech Computer Science | Statement shows strong ML intent | Score=0.7486 | (title_role=0.950; skills=0.879; career_quality=0.481; experience=0.787; statement=0.600; behavioral=0.891; location=1.000; education=0.191)"
CAND_0053695,24,0.7446,"Strong title: Recommendation Systems Engineer | Skills: LangChain, MLOps, Recommendation Systems | @Meesho | Edu: B.E. Computer Science | Statement shows strong ML intent | Score=0.7446 | (title_role=0.931; skills=1.000; career_quality=0.429; experience=0.777; statement=0.600; behavioral=0.809; location=0.600; education=0.310)"
CAND_0079284,25,0.7433,"Strong title: Machine Learning Engineer | Skills: Feature Engineering, QLoRA, Recommendation Systems | @Google | Edu: M.S. Computer Science | Statement shows strong ML intent | Score=0.7433 | (title_role=1.000; skills=0.903; career_quality=0.432; experience=0.761; statement=0.600; behavioral=0.656; location=1.000; education=0.333)"
CAND_0077285,26,0.7426,"Strong title: Recommendation Systems Engineer | Skills: Information Retrieval, Sentence Transformers, BentoML | @Nykaa | Edu: Ph.D Computer Science | Statement shows strong ML intent | Score=0.7426 | (title_role=0.931; skills=0.869; career_quality=0.578; experience=0.795; statement=0.550; behavioral=0.775; location=0.600; education=0.320)"
CAND_0007052,27,0.7414,"Strong title: ML Engineer | Skills: Machine Learning, MLOps, Elasticsearch | @Unacademy | Edu: M.Tech Computer Engineering | Statement shows strong ML intent | Score=0.7414 | (title_role=1.000; skills=0.831; career_quality=0.612; experience=0.675; statement=0.550; behavioral=0.725; location=1.000; education=0.152)"
CAND_0050876,28,0.7398,"Strong title: Applied ML Engineer | Skills: Qdrant, Sentence Transformers, Prompt Engineering | @Freshworks | Edu: M.E. Information Technology | Statement hints at ML interest | Score=0.7398 | (title_role=1.000; skills=0.913; career_quality=0.438; experience=0.743; statement=0.440; behavioral=0.785; location=1.000; education=0.350)"
CAND_0031143,29,0.7379,"Strong title: ML Engineer | Skills: Python, QLoRA, Deep Learning | @Freshworks | Edu: M.Tech Mechanical Engineering | Statement shows strong ML intent | Score=0.7379 | (title_role=1.000; skills=0.907; career_quality=0.574; experience=0.763; statement=0.550; behavioral=0.644; location=0.600; education=0.051)"
CAND_0017960,30,0.7370,"Strong title: Recommendation Systems Engineer | Skills: Python, BentoML, QLoRA | @Nykaa | Edu: B.Sc Information Technology | Statement shows strong ML intent | Score=0.7370 | (title_role=0.931; skills=0.889; career_quality=0.456; experience=0.778; statement=0.600; behavioral=0.757; location=1.000; education=0.278)"
CAND_0011432,31,0.7361,"Strong title: Senior Data Scientist | Skills: PEFT, Machine Learning, Elasticsearch | @Amazon | Edu: M.Sc Data Science | Statement hints at ML interest | Score=0.7361 | (title_role=0.950; skills=0.931; career_quality=0.447; experience=0.778; statement=0.490; behavioral=0.786; location=1.000; education=0.177)"
CAND_0009024,32,0.7359,"Strong title: Search Engineer | Skills: PEFT, OpenSearch, Qdrant | @Google | Edu: M.E. Machine Learning | Statement shows strong ML intent | Score=0.7359 | (title_role=0.950; skills=0.977; career_quality=0.341; experience=0.742; statement=0.600; behavioral=0.766; location=1.000; education=0.350)"
CAND_0052328,33,0.7352,"Strong title: Recommendation Systems Engineer | Skills: QLoRA, Learning to Rank, Image Classification | @Amazon | Edu: M.Tech Computer Science | Statement hints at ML interest | Score=0.7352 | (title_role=0.931; skills=0.893; career_quality=0.503; experience=0.743; statement=0.440; behavioral=0.795; location=1.000; education=0.350)"
CAND_0041669,34,0.7349,"Strong title: Recommendation Systems Engineer | Skills: Weaviate, Time Series, Prompt Engineering | @CRED | Edu: B.E. Computer Engineering | Statement shows strong ML intent | Score=0.7349 | (title_role=0.931; skills=0.877; career_quality=0.406; experience=0.814; statement=0.600; behavioral=0.835; location=1.000; education=0.291)"
CAND_0000031,35,0.7347,"Strong title: Recommendation Systems Engineer | Skills: MLflow, Image Classification, Embeddings | @Swiggy | Edu: M.Tech Computer Engineering | Statement shows strong ML intent | Score=0.7347 | (title_role=0.931; skills=0.964; career_quality=0.441; experience=0.689; statement=0.600; behavioral=0.736; location=1.000; education=0.257)"
CAND_0081563,36,0.7331,"Strong title: ML Engineer | Skills: PyTorch, NLP, Pinecone | @Dream11 | Edu: M.Sc Computer Engineering | Statement shows strong ML intent | Score=0.7331 | (title_role=1.000; skills=0.913; career_quality=0.548; experience=0.620; statement=0.550; behavioral=0.739; location=0.600; education=0.350)"
CAND_0032216,37,0.7323,"Strong title: ML Engineer | Skills: Sentence Transformers, Information Retrieval, Learning to Rank | @upGrad | Edu: M.Tech Artificial Intelligence | Statement shows strong ML intent | Score=0.7323 | (title_role=1.000; skills=0.808; career_quality=0.497; experience=0.743; statement=0.550; behavioral=0.706; location=1.000; education=0.350)"
CAND_0049771,38,0.7320,"Strong title: AI Research Engineer | Skills: Python, ASR, OpenCV | @Wysa | Edu: M.E. Statistics | Statement shows strong ML intent | Score=0.7320 | (title_role=0.980; skills=0.922; career_quality=0.450; experience=0.800; statement=0.550; behavioral=0.588; location=0.800; education=0.238)"
CAND_0018888,39,0.7318,"Strong title: AI Research Engineer | Skills: pgvector, GANs, TTS | @Razorpay | Edu: B.Tech Chemical Engineering | Statement shows strong ML intent | Score=0.7318 | (title_role=0.980; skills=0.773; career_quality=0.608; experience=0.751; statement=0.550; behavioral=0.672; location=1.000; education=0.140)"
CAND_0036484,40,0.7318,"Strong title: AI Research Engineer | Skills: Object Detection, TensorFlow, Qdrant | @InMobi | Edu: Ph.D Artificial Intelligence | Statement shows strong ML intent | Score=0.7318 | (title_role=0.980; skills=0.825; career_quality=0.544; experience=0.674; statement=0.550; behavioral=0.716; location=1.000; education=0.350)"
CAND_0003791,41,0.7307,"Strong title: ML Engineer | Skills: ASR, Python, YOLO | @Meesho | Edu: M.Tech Computer Engineering | Statement shows strong ML intent | Score=0.7307 | (title_role=1.000; skills=0.809; career_quality=0.593; experience=0.743; statement=0.550; behavioral=0.819; location=0.300; education=0.350)"
CAND_0014440,42,0.7305,"Strong title: Recommendation Systems Engineer | Skills: FAISS, TensorFlow, Elasticsearch | @CRED | Edu: Ph.D Machine Learning | Statement shows strong ML intent | Score=0.7305 | (title_role=0.931; skills=0.805; career_quality=0.545; experience=0.674; statement=0.600; behavioral=0.860; location=1.000; education=0.350)"
CAND_0054123,43,0.7294,"Strong title: Applied ML Engineer | Skills: Weights & Biases, Vector Search, Hugging Face Transformers | @Meta | Edu: M.Tech Data Science | Statement shows strong ML intent | Score=0.7294 | (title_role=1.000; skills=0.880; career_quality=0.355; experience=0.794; statement=0.600; behavioral=0.668; location=1.000; education=0.350)"
CAND_0028793,44,0.7290,"Strong title: Search Engineer | Skills: LoRA, PyTorch, QLoRA | @Google | Edu: B.Sc Computer Engineering | Statement shows strong ML intent | Score=0.7290 | (title_role=0.950; skills=0.857; career_quality=0.411; experience=0.848; statement=0.600; behavioral=0.734; location=0.800; education=0.341)"
CAND_0012957,45,0.7284,"Strong title: Search Engineer | Skills: Deep Learning, Embeddings, Machine Learning | @Razorpay | Edu: Ph.D Data Science | Statement shows strong ML intent | Score=0.7284 | (title_role=0.950; skills=1.000; career_quality=0.337; experience=0.743; statement=0.600; behavioral=0.584; location=1.000; education=0.328)"
CAND_0061655,46,0.7282,"Strong title: Machine Learning Engineer | Skills: Haystack, Elasticsearch, LangChain | @Krutrim | Edu: M.S. Computer Engineering | Statement hints at ML interest | Score=0.7282 | (title_role=1.000; skills=1.000; career_quality=0.378; experience=0.742; statement=0.440; behavioral=0.759; location=0.600; education=0.332)"
CAND_0030348,47,0.7264,"Strong title: Machine Learning Engineer | Skills: pgvector, GANs, Vector Search | @BYJU'S | Edu: B.E. Information Technology | Statement shows strong ML intent | Score=0.7264 | (title_role=1.000; skills=0.893; career_quality=0.332; experience=0.795; statement=0.600; behavioral=0.755; location=1.000; education=0.222)"
CAND_0040178,48,0.7258,"Strong title: ML Engineer | Skills: Python, Weaviate, Vector Search | @Meesho | Edu: Ph.D Information Technology | Statement shows strong ML intent | Score=0.7258 | (title_role=1.000; skills=0.743; career_quality=0.533; experience=0.754; statement=0.550; behavioral=0.711; location=1.000; education=0.320)"
CAND_0087630,49,0.7248,"Strong title: AI Engineer | Skills: Deep Learning, Hugging Face Transformers, pgvector | @Vedantu | Edu: B.E. Data Science | Statement shows strong ML intent | Score=0.7248 | (title_role=1.000; skills=0.877; career_quality=0.404; experience=0.743; statement=0.600; behavioral=0.656; location=1.000; education=0.247)"
CAND_0036121,50,0.7239,"Strong title: ML Engineer | Skills: Information Retrieval, Learning to Rank, Diffusion Models | @Wysa | Edu: M.Sc Physics | Statement shows strong ML intent | Score=0.7239 | (title_role=1.000; skills=0.791; career_quality=0.585; experience=0.660; statement=0.550; behavioral=0.775; location=1.000; education=0.070)"
CAND_0061339,51,0.7214,"Strong title: Search Engineer | Skills: LlamaIndex, Prompt Engineering, MLflow | @Rephrase.ai | Edu: B.Sc Data Science | Statement shows strong ML intent | Score=0.7214 | (title_role=0.950; skills=0.911; career_quality=0.383; experience=0.781; statement=0.600; behavioral=0.768; location=0.800; education=0.223)"
CAND_0095457,52,0.7199,"Strong title: Data Scientist | Skills: GANs, YOLO, Weaviate | @Locobuzz | Edu: Ph.D Artificial Intelligence | Statement shows strong ML intent | Score=0.7199 | (title_role=0.900; skills=0.792; career_quality=0.539; experience=0.764; statement=0.550; behavioral=0.721; location=1.000; education=0.320)"
CAND_0060054,53,0.7197,"Strong title: AI Engineer | Skills: TensorFlow, Recommendation Systems, FAISS | @Mad Street Den | Edu: Ph.D Data Science | Statement hints at ML interest | Score=0.7197 | (title_role=1.000; skills=0.886; career_quality=0.392; experience=0.814; statement=0.440; behavioral=0.680; location=0.800; education=0.328)"
CAND_0046525,54,0.7192,"Strong title: Senior Machine Learning Engineer | Skills: YOLO, pgvector, Information Retrieval | @Genpact AI | Edu: M.Sc Information Technology | Statement hints at ML interest | Score=0.7192 | (title_role=1.000; skills=0.807; career_quality=0.358; experience=0.815; statement=0.495; behavioral=0.871; location=1.000; education=0.321)"
CAND_0065430,55,0.7190,"Strong title: ML Engineer | Skills: Reinforcement Learning, MLflow, ASR | @Mad Street Den | Edu: B.E. Information Technology | Statement shows strong ML intent | Score=0.7190 | (title_role=1.000; skills=0.696; career_quality=0.544; experience=0.778; statement=0.550; behavioral=0.689; location=1.000; education=0.301)"
CAND_0004972,56,0.7189,"Strong title: ML Engineer | Skills: Weights & Biases, TTS, BentoML | @Glance | Edu: M.Tech Artificial Intelligence | Statement shows strong ML intent | Score=0.7189 | (title_role=1.000; skills=0.704; career_quality=0.547; experience=0.778; statement=0.550; behavioral=0.607; location=1.000; education=0.350)"
CAND_0052335,57,0.7188,"Strong title: Applied ML Engineer | Skills: Learning to Rank, GANs, Sentence Transformers | @Aganitha | Edu: B.E. Data Science | Statement shows strong ML intent | Score=0.7188 | (title_role=1.000; skills=0.916; career_quality=0.398; experience=0.766; statement=0.600; behavioral=0.711; location=0.500; education=0.243)"
CAND_0005477,58,0.7186,"Strong title: ML Engineer | Skills: Kubeflow, MLflow, OpenCV | @Zomato | Edu: Ph.D Information Technology | Statement shows strong ML intent | Score=0.7186 | (title_role=1.000; skills=0.757; career_quality=0.498; experience=0.714; statement=0.550; behavioral=0.730; location=1.000; education=0.350)"
CAND_0086154,59,0.7177,"Strong title: Data Scientist | Skills: OpenCV, OpenSearch, scikit-learn | @Ola | Edu: M.E. Mechanical Engineering | Statement shows strong ML intent | Score=0.7177 | (title_role=0.900; skills=0.761; career_quality=0.613; experience=0.709; statement=0.550; behavioral=0.886; location=0.800; education=0.240)"
CAND_0032089,60,0.7176,"Strong title: ML Engineer | Skills: MLflow, Haystack, Pinecone | @Saarthi.ai | Edu: B.Tech Civil Engineering | Statement shows strong ML intent | Score=0.7176 | (title_role=1.000; skills=0.730; career_quality=0.616; experience=0.705; statement=0.550; behavioral=0.737; location=0.600; education=0.320)"
CAND_0015578,61,0.7172,"Strong title: AI Engineer | Skills: Machine Learning, Speech Recognition, FAISS | @Zoho | Edu: Ph.D Machine Learning | Statement hints at ML interest | Score=0.7172 | (title_role=1.000; skills=0.925; career_quality=0.344; experience=0.726; statement=0.440; behavioral=0.724; location=1.000; education=0.350)"
CAND_0069248,62,0.7171,"Strong title: AI Research Engineer | Skills: OpenCV, QLoRA, FAISS | @Unacademy | Edu: M.Tech Computer Science | Statement shows strong ML intent | Score=0.7171 | (title_role=0.980; skills=0.898; career_quality=0.431; experience=0.710; statement=0.550; behavioral=0.702; location=0.800; education=0.254)"
CAND_0046621,63,0.7167,"Strong title: AI Research Engineer | Skills: TensorFlow, Image Classification, pgvector | @upGrad | Edu: Ph.D Computer Science | Statement shows strong ML intent | Score=0.7167 | (title_role=0.980; skills=0.745; career_quality=0.548; experience=0.708; statement=0.550; behavioral=0.685; location=1.000; education=0.320)"
CAND_0076251,64,0.7167,"Strong title: Search Engineer | Skills: Hugging Face Transformers, Image Classification, Forecasting | @Haptik | Edu: B.E. Data Science | Statement shows strong ML intent | Score=0.7167 | (title_role=0.950; skills=0.826; career_quality=0.511; experience=0.745; statement=0.600; behavioral=0.651; location=0.800; education=0.240)"
CAND_0009691,65,0.7159,"Strong title: Applied ML Engineer | Skills: Prompt Engineering, Fine-tuning LLMs, ASR | @LinkedIn | Edu: M.Sc Information Technology | Statement shows strong ML intent | Score=0.7159 | (title_role=1.000; skills=0.839; career_quality=0.435; experience=0.742; statement=0.600; behavioral=0.693; location=0.800; education=0.225)"
CAND_0019288,66,0.7152,"Strong title: AI Research Engineer | Skills: Object Detection, pgvector, Feature Engineering | @Paytm | Edu: M.S. Computer Science | Statement shows strong ML intent | Score=0.7152 | (title_role=0.980; skills=0.693; career_quality=0.542; experience=0.814; statement=0.550; behavioral=0.657; location=1.000; education=0.256)"
CAND_0098217,67,0.7139,"Strong title: ML Engineer | Skills: PEFT, Weights & Biases, Statistical Modeling | @Glance | Edu: Ph.D Artificial Intelligence | Statement shows strong ML intent | Score=0.7139 | (title_role=1.000; skills=0.753; career_quality=0.416; experience=0.744; statement=0.550; behavioral=0.866; location=1.000; education=0.350)"
CAND_0064888,68,0.7126,"Strong title: ML Engineer | Skills: Speech Recognition, MLflow, TensorFlow | @Verloop.io | Edu: B.E. Computer Engineering | Statement shows strong ML intent | Score=0.7126 | (title_role=1.000; skills=0.635; career_quality=0.573; experience=0.769; statement=0.550; behavioral=0.873; location=0.800; education=0.291)"
CAND_0091254,69,0.7125,"Strong title: AI Research Engineer | Skills: Computer Vision, PEFT, Image Classification | @Zoho | Edu: B.Tech Machine Learning | Statement shows strong ML intent | Score=0.7125 | (title_role=0.980; skills=0.794; career_quality=0.536; experience=0.742; statement=0.550; behavioral=0.637; location=0.600; education=0.344)"
CAND_0011263,70,0.7123,"Strong title: ML Engineer | Skills: Machine Learning, Image Classification, LangChain | @Ola | Edu: M.Tech Artificial Intelligence | Statement shows strong ML intent | Score=0.7123 | (title_role=1.000; skills=0.687; career_quality=0.535; experience=0.707; statement=0.550; behavioral=0.800; location=1.000; education=0.322)"
CAND_0065878,71,0.7099,"Strong title: Senior Data Scientist | Skills: Recommendation Systems, Vector Search, scikit-learn | @Niramai | Edu: B.Sc Machine Learning | Statement shows strong ML intent | Score=0.7099 | (title_role=0.950; skills=0.869; career_quality=0.434; experience=0.750; statement=0.600; behavioral=0.754; location=0.600; education=0.241)"
CAND_0037000,72,0.7098,"Strong title: Search Engineer | Skills: BM25, Pinecone, MLOps | @Unacademy | Edu: Ph.D Information Technology | Statement shows strong ML intent | Score=0.7098 | (title_role=0.950; skills=0.853; career_quality=0.450; experience=0.645; statement=0.600; behavioral=0.689; location=1.000; education=0.320)"
CAND_0068273,73,0.7098,"Strong title: Data Scientist | Skills: pgvector, MLflow, ASR | @Wysa | Edu: B.Tech Artificial Intelligence | Statement shows strong ML intent | Score=0.7098 | (title_role=0.900; skills=0.945; career_quality=0.453; experience=0.695; statement=0.550; behavioral=0.516; location=1.000; education=0.243)"
CAND_0038949,74,0.7097,"Strong title: ML Engineer | Skills: YOLO, NLP, GANs | @CRED | Edu: B.Sc Computer Science | Statement shows strong ML intent | Score=0.7097 | (title_role=1.000; skills=0.724; career_quality=0.580; experience=0.709; statement=0.550; behavioral=0.721; location=0.800; education=0.177)"
CAND_0033911,75,0.7087,"Strong title: Data Scientist | Skills: MLOps, MLflow, Sentence Transformers | @Mad Street Den | Edu: Ph.D Machine Learning | Statement shows strong ML intent | Score=0.7087 | (title_role=0.900; skills=0.854; career_quality=0.474; experience=0.779; statement=0.550; behavioral=0.483; location=1.000; education=0.325)"
CAND_0045475,76,0.7082,"Strong title: ML Engineer | Skills: Pinecone, QLoRA, Speech Recognition | @Genpact AI | Edu: B.Tech Mathematics | Statement shows strong ML intent | Score=0.7082 | (title_role=1.000; skills=0.880; career_quality=0.382; experience=0.708; statement=0.550; behavioral=0.764; location=1.000; education=0.040)"
CAND_0086028,77,0.7071,"Strong title: AI Research Engineer | Skills: Haystack, Learning to Rank, Weights & Biases | @PharmEasy | Edu: Ph.D Computer Engineering | Statement shows strong ML intent | Score=0.7071 | (title_role=0.980; skills=0.721; career_quality=0.542; experience=0.775; statement=0.550; behavioral=0.463; location=1.000; education=0.320)"
CAND_0062247,78,0.7070,"Strong title: AI Engineer | Skills: PEFT, Hugging Face Transformers, RAG | @Google | Edu: B.Sc Information Technology | Statement shows strong ML intent | Score=0.7070 | (title_role=1.000; skills=0.849; career_quality=0.308; experience=0.744; statement=0.600; behavioral=0.825; location=0.800; education=0.350)"
CAND_0076163,79,0.7067,"Strong title: NLP Engineer | Skills: Python, Weaviate, Semantic Search | @Ola | Edu: M.Tech Information Technology | Statement shows strong ML intent | Score=0.7067 | (title_role=1.000; skills=0.871; career_quality=0.398; experience=0.656; statement=0.600; behavioral=0.872; location=0.600; education=0.255)"
CAND_0081852,80,0.7065,"Strong title: Senior Data Scientist | Skills: LoRA, Weaviate, Haystack | @Mad Street Den | Edu: M.Sc Data Science | Statement shows strong ML intent | Score=0.7065 | (title_role=0.950; skills=0.707; career_quality=0.501; experience=0.743; statement=0.600; behavioral=0.797; location=1.000; education=0.271)"
CAND_0053422,81,0.7062,"Strong title: Data Scientist | Skills: Qdrant, RAG, Prompt Engineering | @Aganitha | Edu: M.Sc Computer Science | Statement shows strong ML intent | Score=0.7062 | (title_role=0.900; skills=0.716; career_quality=0.593; experience=0.801; statement=0.550; behavioral=0.762; location=0.600; education=0.325)"
CAND_0024466,82,0.7055,"Strong title: Search Engineer | Skills: Sentence Transformers, NLP, Pinecone | @PharmEasy | Edu: Ph.D Information Technology | Statement shows strong ML intent | Score=0.7055 | (title_role=0.950; skills=0.966; career_quality=0.342; experience=0.744; statement=0.600; behavioral=0.649; location=0.500; education=0.320)"
CAND_0067041,83,0.7042,"Strong title: Data Scientist | Skills: YOLO, Elasticsearch, Speech Recognition | @Saarthi.ai | Edu: M.S. Artificial Intelligence | Statement shows strong ML intent | Score=0.7042 | (title_role=0.900; skills=0.756; career_quality=0.543; experience=0.731; statement=0.550; behavioral=0.634; location=1.000; education=0.350)"
CAND_0064256,84,0.7038,"Good title: Junior ML Engineer | Skills: Hugging Face Transformers, Python, BentoML | @BYJU'S | Edu: M.E. Chemical Engineering | Statement shows strong ML intent | Score=0.7038 | (title_role=0.850; skills=0.787; career_quality=0.548; experience=0.744; statement=0.550; behavioral=0.855; location=1.000; education=0.087)"
CAND_0094358,85,0.7036,"Strong title: ML Engineer | Skills: BentoML, Qdrant, BM25 | @Saarthi.ai | Edu: M.E. Computer Science | Statement shows strong ML intent | Score=0.7036 | (title_role=1.000; skills=0.824; career_quality=0.421; experience=0.764; statement=0.550; behavioral=0.701; location=0.500; education=0.350)"
CAND_0031703,86,0.7030,"Strong title: ML Engineer | Skills: TensorFlow, Object Detection, BentoML | @PolicyBazaar | Edu: B.E. Machine Learning | Statement shows strong ML intent | Score=0.7030 | (title_role=1.000; skills=0.649; career_quality=0.626; experience=0.795; statement=0.550; behavioral=0.507; location=0.600; education=0.348)"
CAND_0020845,87,0.7018,"Strong title: AI Research Engineer | Skills: Computer Vision, Pinecone, scikit-learn | @Swiggy | Edu: B.Sc Computer Science | Statement shows strong ML intent | Score=0.7018 | (title_role=0.980; skills=0.675; career_quality=0.648; experience=0.700; statement=0.550; behavioral=0.685; location=0.600; education=0.273)"
CAND_0047721,88,0.7018,"Strong title: Senior Data Scientist | Skills: Learning to Rank, Machine Learning, NLP | @Microsoft | Edu: B.Sc Machine Learning | Statement hints at ML interest | Score=0.7018 | (title_role=0.950; skills=0.940; career_quality=0.353; experience=0.745; statement=0.490; behavioral=0.590; location=0.800; education=0.320)"
CAND_0090155,89,0.7018,"Strong title: ML Engineer | Skills: CNN, Pinecone, GANs | @Swiggy | Edu: M.E. Information Technology | Statement shows strong ML intent | Score=0.7018 | (title_role=1.000; skills=0.684; career_quality=0.483; experience=0.731; statement=0.550; behavioral=0.826; location=1.000; education=0.233)"
CAND_0010541,90,0.7017,"Strong title: AI Research Engineer | Skills: Pinecone, Weaviate, Data Science | @Wysa | Edu: M.Sc Computer Engineering | Statement shows strong ML intent | Score=0.7017 | (title_role=0.980; skills=0.688; career_quality=0.532; experience=0.732; statement=0.550; behavioral=0.719; location=1.000; education=0.224)"
CAND_0068777,91,0.7017,"Strong title: AI Research Engineer | Skills: Forecasting, LoRA, BentoML | @PolicyBazaar | Edu: Ph.D Statistics | Statement shows strong ML intent | Score=0.7017 | (title_role=0.980; skills=0.741; career_quality=0.587; experience=0.708; statement=0.550; behavioral=0.453; location=0.800; education=0.320)"
CAND_0016657,92,0.7009,"Strong title: AI Research Engineer | Skills: OpenCV, CNN, PyTorch | @PhonePe | Edu: Ph.D Information Technology | Statement shows strong ML intent | Score=0.7009 | (title_role=0.980; skills=0.753; career_quality=0.492; experience=0.706; statement=0.550; behavioral=0.581; location=1.000; education=0.320)"
CAND_0057701,93,0.7009,"Strong title: Recommendation Systems Engineer | Skills: Deep Learning, Learning to Rank, Prompt Engineering | @Verloop.io | Edu: M.E. Computer Science | Statement shows strong ML intent | Score=0.7009 | (title_role=0.931; skills=0.944; career_quality=0.345; experience=0.714; statement=0.600; behavioral=0.702; location=0.600; education=0.334)"
CAND_0046459,94,0.7000,"Strong title: AI Research Engineer | Skills: Qdrant, pgvector, BM25 | @upGrad | Edu: M.Sc Electronics | Statement shows strong ML intent | Score=0.7000 | (title_role=0.980; skills=0.803; career_quality=0.377; experience=0.760; statement=0.550; behavioral=0.843; location=1.000; education=0.070)"
CAND_0006870,95,0.6992,"Strong title: ML Engineer | Skills: LangChain, FAISS, Computer Vision | @Aganitha | Edu: B.Sc Computer Science | Statement shows strong ML intent | Score=0.6992 | (title_role=1.000; skills=0.771; career_quality=0.532; experience=0.685; statement=0.550; behavioral=0.726; location=0.600; education=0.174)"
CAND_0033987,96,0.6990,"Strong title: ML Engineer | Skills: Recommendation Systems, Learning to Rank, Haystack | @Wysa | Edu: M.Sc Artificial Intelligence | Statement shows strong ML intent | Score=0.6990 | (title_role=1.000; skills=0.765; career_quality=0.473; experience=0.678; statement=0.550; behavioral=0.699; location=1.000; education=0.171)"
CAND_0080051,97,0.6987,"Strong title: Data Scientist | Skills: Feature Engineering, NLP, Information Retrieval | @Niramai | Edu: M.S. Information Technology | Statement shows strong ML intent | Score=0.6987 | (title_role=0.900; skills=0.751; career_quality=0.521; experience=0.732; statement=0.550; behavioral=0.712; location=1.000; education=0.257)"
CAND_0076412,98,0.6985,"Strong title: AI Research Engineer | Skills: Semantic Search, CNN, scikit-learn | @Wysa | Edu: M.E. Machine Learning | Statement shows strong ML intent | Score=0.6985 | (title_role=0.980; skills=0.762; career_quality=0.500; experience=0.666; statement=0.550; behavioral=0.614; location=1.000; education=0.283)"
CAND_0043829,99,0.6977,"Strong title: AI Research Engineer | Skills: Qdrant, Time Series, BM25 | @Observe.AI | Edu: Ph.D Mathematics | Statement shows strong ML intent | Score=0.6977 | (title_role=0.980; skills=0.706; career_quality=0.490; experience=0.674; statement=0.550; behavioral=0.790; location=1.000; education=0.320)"
CAND_0029336,100,0.6976,"Strong title: ML Engineer | Skills: QLoRA, Image Classification, CNN | @Nykaa | Edu: M.Sc Physics | Statement shows strong ML intent | Score=0.6976 | (title_role=1.000; skills=0.832; career_quality=0.525; experience=0.650; statement=0.550; behavioral=0.587; location=0.600; education=0.177)"
